BAND,OUTPUT,INPUT,LOCATION,CALLSIGN,AREA,TONE,CTCSS_IN,CTCSS_OUT,DCS,DCS_CODE,DTMF,REMOTE_BASE,SNP,AUTOPATCH,PATCH_SEQ,LINKED,LINK_FREQ,WIDE_AREA,LATITUDE,LONGITUDE,NOTES,LATITUDE_DDMMSS,LONGITUDE_DDDMMSS,SITE_NAME,COVERAGE_AREA
144,147.3,147.9,Jacob Lake ,N7YSE,Southwest,Y,100,,N,,N,N,N,N,,Y,146.8,N,36.7375,-112.2128,O L 146.800,364415,1121246,Jacob Lake,JACOB
144,146.91,146.31,St George,NR7K,Southwest,Y,100,,N,,N,N,N,N,,N,,Y,36.8467,-113.4919,O E X,365048,1132931,Seegmiller,SW
440,449.1,444.1,Kanab,N7YSE,Southwest,Y,100,,N,,N,Y,N,N,,N,,N,36.9864,-112.5042,O 2 Mtr RB,365911,1123015,Kanab TV site,Kanab
144,146.96,146.36,Page AZ,W7WAC,South,Y,100,,N,,N,N,N,N,,Y,146.8,Y,37.0344,-110.8697,O X L 146.800,370204,1105211,Navajo Mtn,NAVAJO
440,448.6,443.6,Page AZ,WA7VHF,South,Y,100,,N,,N,N,N,N,,Y,146.8,Y,37.0344,-110.8697,O X L 146.800,370204,1105211,Navajo Mtn,NAVAJO
440,448.75,443.75,Page AZ,NA7DB,South,N,,,N,,N,N,N,N,,N,,Y,37.0344,-110.8697,O X,370204,1105211,Navajo Mtn,NAVAJO
440,449.925,444.925,"Page, Az",W7CWI,South,N,,,N,,N,N,N,N,,N,,Y,37.0344,-110.8697,O X,370204,1105211,Navajo Mtn,NAVAJO
440,449.85,444.85,Kanab,W7NRC,South,N,,,N,,N,N,N,N,,N,,N,37.0431,-112.5264,O,370235,1123135,Kanab,KANAB
144,147.36,147.96,Kanab,WI7M,South,N,,,N,,N,N,N,N,,N,,N,37.0481,-112.5261,O,370253,1123134,Kanab,KANAB
440,448.725,443.725,St George,WB6TNP,Southwest,N,,,N,,N,N,N,N,,N,,N,37.0533,-113.8231,Tri State Link,370312,1134923,Scrub Peak,SG
144,146.88,146.28,Kanab,W7NRC,South,Y,123,,N,,N,N,N,N,,N,,N,37.0606,-112.5192,O,370338,1123109,Kanab TV Site,KANAB
144,146.64,146.04,St George,W7DRC,Southwest,Y,100,,N,,N,N,N,Y,,Y,145.49,N,37.1064,-113.5972,O A,370623,1133550,St George,SG
144,147.26,147.86,St. George,K7SG,Southwest,N,,,N,,N,N,N,N,,N,,Y,37.1064,-113.5972,O X E(Solar),370623,1133550,St. George,SG
440,449.7,444.7,St. George,K7SG,Southwest,Y,100,,N,,N,N,N,N,,N,,N,37.1064,-113.5972,O,370623,1133550,Schmutz Hill ,SG
440,446.7,446.7,St. George,KA7STK,Southwest,N,,,N,,N,N,N,Y,,N,,N,37.1069,-113.5814,A O,370625,1133453,St. George,Southwest
440,449.35,444.35,ST George,KI2U,St George,N,,,N,,N,N,N,N,,N,,N,37.1244,-113.5394,O,370728,1133222,KI2U QTH,SG
144,145.49,144.89,St. George,W7DRC,Southwest,Y,100,,N,,N,N,N,N,,Y,146.64,Y,37.125,-113.875,O X(wx*127*128)100.0 145.450/146.640,370730,1135230,Utah Hill,SW
144,145.37,144.77,St George,N7ARR,South West,N,,,N,,N,N,N,N,,N,,Y,37.1486,-113.8681,Proposed,370855,1135205,Utah Hill,SG
440,449.325,444.325,St. George,NR7K,Southwest,N,,,N,,N,N,N,N,,N,,Y,37.1486,-113.8681,O X,370855,1135205,Seegmiller,SG
440,449.75,444.75,St. George,W7AOR,Southwest,Y,123,,N,,N,N,N,N,,M,,N,37.1486,-113.8681,O,370855,1135205,Utah Hill,SG
144,146.82,146.22,St George,NR7K,Southwest,Y,100,,N,,N,N,N,N,,Y,146.94,Y,37.1561,-113.8833,O X 100.0 L146.94,370922,1135300,Utah Hill,SW
144,146.7,146.1,St George,KA7STK,Southwest,Y,100,,N,,N,N,N,Y,,N,,N,37.2089,-113.625,Ca,371232,1133730,Winchester Hills QTH,SG
440,449.425,444.425,St George,KA7STK,Southwest,Y,203.5,,N,,N,N,N,Y,,N,,N,37.2089,-113.625,O Ca ECHO/IRLP3310,371232,1133730,Winchester Hills QTH,SG
440,449.525,444.525,St George,KA7STK,Southwest,Y,100,,N,,N,N,N,Y,*123,N,,N,37.2089,-113.625,O Rb HF,371232,1133730,Winchester Hills QTH,SG
440,449.275,444.275,Hurricane,K5JCA,Southwest,Y,110.9,,N,,N,N,N,N,,N,,N,37.2217,-113.2225,O Rb 2M ,371318,1131321,Hurricane Mesa,
144,145.15,144.55,Torquerville,KF7YIX,South West,N,,,N,,N,N,N,N,,N,,N,37.2239,-113.22,O D-Star L447.950/1299.25,371326,1131312,Hurricane Mesa, 
440,447.95,442.95,Torquerville,KF7YIX,South West,N,,,N,,N,N,N,N,,N,,N,37.2239,-113.22,O D-Star L447.950/1299.25,371326,1131312,Hurricane Mesa, 
1240,1299.25,1299.25,Torquerville,KF7YIX,South West,N,,,N,,N,N,N,N,,N,,N,37.2239,-113.22,O D-Star L447.950/1299.25,371326,1131312,Hurricane Mesa, 
144,147.34,147.94,Zions Park,W7DRC,Southwest,Y,100,,N,,N,N,N,N,,N,,Y,37.2536,-112.9747,O,371513,1125829,West Temple Zions Park,Zions
144,145.45,144.85,Toquerville,KD7HUS,Southwest,Y,100,,N,,N,N,N,N,,Y,146.64,Y,37.2897,-113.2767,OXE 100.0 L145.49/146.64,371723,1131636,Toquerville Cell site,SG
144,145.41,144.81,Mexican Hat,KD7HLL,South East,Y,100,,N,,N,N,N,N,,N,,N,37.2944,-109.9403,O,371740,1095625,Mexican Hat,Mexican Hat
440,449.9,444.9,Mexican Hat,KD7HLL,South East,Y,123,,N,,N,N,N,N,,N,,N,37.2944,-109.9403,O 123.0,371740,1095625,Mexican Hat,NAVAJO
144,146.72,146.12,Glendale,WB7REL,Southwest,Y,100,,N,,N,N,N,Y,,Y,447.45,N,37.3739,-112.5361,O A 100.0 L146.86 ,372226,1123210,Spencer Bench,KANAB
144,145.35,144.75,Bryce Canyon,W6DZL,South East,Y,123,,N,,N,N,N,N,,N,,N,37.4206,-112.3231,O 123.0,372514,1121923,The Pinks Bryce Canyon,SE
440,448.5,443.5,Kolob Peak,K7WS,Southwest,N,,,N,,N,N,N,N,,N,,N,37.4522,-113.0389,C,372708,1130220,Kolob Peak,SG
144,146.68,146.08,New Harmony,WA7GTU,Southwest,Y,100,,N,,N,N,N,N,,N,,N,37.48,-113.3081,O,372848,1131829,New Harmony,Southwest
144,146.74,146.14,Enterprise,NR7K,Southwest,Y,100,,N,,N,N,N,N,,N,,Y,37.5078,-113.7942,O 100.0,373028,1134739,Flattop Mtn,SG
144,147.18,147.78,Duck Creek,N7SGV,Southwest,Y,127.3,,N,,N,N,N,N,,N,,N,37.5253,-112.665,O,373131,1123954,Duck Creek,
440,447.325,442.325,Duck Creek,N7SGV,Southwest,Y,127.3,,N,,N,N,N,N,,N,,N,37.5253,-112.665,O,373131,1123954,Duck Creek,
902,927.6625,902.6625,Duck Creek,N7SGV,Southwest,N, ,,Y,606,N,N,N,N,,N,,N,37.5253,-112.665,O,373131,1123954,Duck Creek,
440,449.5,444.5,Cedar City,WA7GTU,Southwest,Y,100,,N,,N,Y,N,N,,N,,N,37.5661,-113.3033,O Rb2Mtr (Iron Mtn.),373358,1131812,Iron Mtn.,IRON
144,146.8,146.2,Cedar City,WV7H,Southwest,Y,100,,N,,N,N,N,N,,Y,146.94,Y,37.5917,-112.8658,O X L146.94,373530,1125157,Blowhard Mtn.,SW/CEDAR
440,448.65,443.65,Cedar City,KB6BOB,Southwest,N,,,N,,N,Y,N,N,,Y,Cactus,Y,37.5917,-112.8658,C X Rb L(Cactus),373530,1125157,Blowhard,SG/SW/SUT
144,146.98,146.38,Cedar City,N7KM,Southwest,Y,100,,N,,N,N,N,N,,N,,N,37.6442,-113.3742,O,373839,1132227,Iron Mtn.,CEDAR
440,448.8,443.8,Cedar City,K7JH,Southwest,Y,100,,N,,N,Y,N,N,,N,,N,37.6442,-113.3739,O 100.0,373839,1132226,Iron Mtn.,IRON
144,146.76,146.16,Cedar City,K7JH,Southwest,Y,123,,N,,N,N,N,Y,,N,,Y,37.645,-113.3733,O Ca X,373842,1132224,Iron Mtn.,CEDAR
440,448.4,443.4,Cedar City,WA7GTU,Southwest,Y,100,,N,,N,Y,N,N,,N,,N,37.6453,-113.3733,O  Rb HF ,373843,1132224,WA7GTU QTH,CEDAR
144,147.06,147.66,Cedar City,N7AKK,Southwest,N,,,N,,N,N,N,N,,N,,N,37.7,-113.0669,O,374200,1130401,Cedar City Hospital,CEDAR 
144,145.47,144.87,Cedar City,WV7H,Southwest,N,,,N,,N,N,N,N,,N,,N,37.7106,-113.0558,O,374238,1130321,Cedar City,CEDAR
144,145.15,144.55,Cedar City,WR7AAA,Wasatch Front,N,,,N,,N,N,N,N,,N,,N,37.7256,-113.0681,O D-Star L447.950/1299.25,374332,1130405,WA7GTU QTH, 
440,447.95,442.95,Cedar City,WR7AAA,Wasatch Front,N,,,N,,N,N,N,N,,N,,N,37.7256,-113.0681,O D-Star L145.150/1299.25,374332,1130405,WA7GTU QTH, 
440,449.9,444.9,Cedar City,WA7GTU,Southwest,Y,100,,N,,N,N,N,N,,N,,N,37.7256,-113.0681,O ECHO/IRLP 3574,374332,1130405,Cedar City,CEDAR
1240,1299.25,1299.25,Cedar City,WR7AAA,Wasatch Front,N,,,N,,N,N,N,N,,N,,N,37.7256,-113.0681,O D-Star L145.150/447.950,374332,1130405,WA7GTU QTH, 
440,448.1,443.1,Cedar City,N7DZP,Southwest,N,,,N,,N,N,N,N,,N,,N,37.7275,-113.0692,O,374339,1130409,Cedar City,Southwest
144,146.61,146.01,Monticello,K7SDC,Southeast,Y,88.5,,N,,N,Y,N,Y,,Y,147.32,Y,37.8392,-109.4617,OXCaRb 88.5 L147.32,375021,1092742,Abajo Peak,ABAJO
220,223.94,222.34,Monticello,K7QEQ,Southeast,N,,,N,,N,N,N,N,,N,,Y,37.8392,-109.4617,C L(Cactus),375021,1092742,Abajo Peak,ABAJO
220,223.96,222.36,Monticello,WX7Y,Southeast,N,,,N,,N,N,N,N,,Y,?,Y,37.8392,-109.4617,O L,375021,1092742,Abajo Peak,ABAJO
440,447.4,442.4,Monticello,K7QEQ,Southeast,N,,,N,,N,N,N,N,,Y,Cactus,Y,37.8392,-109.4617,C X L(Cactus),375021,1092742,Abajo Peak,ABAJO
440,447.1,442.1,Monticello,N0NHJ,Southeast,Y,107.2,,N,,N,N,N,N,,Y,GMRA,Y,37.84,-109.4611,O X 107.2 LK GMRA,375024,1092740,Abajo Peak,South East
440,447.25,442.25,Monticello,KB0YZI,SouthEast,N,,,N,,N,N,N,N,,N,,N,37.84,-109.4614,O D-Star,375024,1092741,Abajo Peak,South East
144,146.92,146.32,Boulder,KE7ZDV,South East,N,,,N,,N,N,N,N,,N,,N,37.9161,-111.4292,O,375458,1112545,Boulder,SE
144,147.16,147.76,Panguitch,N7NKK,Southwest,Y,100,,N,,N,N,N,N,,N,,Y,38.02,-112.2164,O X 100.0,380112,1121259,Mt Dutton,GC
144,147.08,147.68,Hanksville,K7SDC,Southeast,Y,136.5,,N,,N,Y,N,Y,,Y,147.32,Y,38.0725,-110.7947,OXCaRb136.5 L147.32,380421,1104741,Mt. Ellen (Henry Mts.),HENRY
440,449.925,444.925,Cedar City,WA7GTU,Southwest,Y,100,,N,,N,N,N,N,,N,,N,38.1,-113.0147,O Rb 2M,380600,1130053,Rowberry,CEDAR
144,146.94,146.34,Milford,WR7AAA,Southwest,Y,100,,N,,N,N,N,N,,Y,Intertie,Y,38.5203,-113.2872,O X 100.0 L147.18,383113,1131714,Frisco Peak,FRISCO
440,448.675,443.675,Milford,K7JL,Southwest,N,,,N,,N,N,N,N,,Y,Cactus,Y,38.5203,-113.2872,C X L(Cactus),383113,1131714,Frisco Peak,FRISCO
144,146.76,146.16,Moab,K7QEQ,Southeast,Y,88.5,,N,,N,Y,N,Y,,Y,147.32,Y,38.5286,-109.3247,OXCaRb 88.5 L147.32,383143,1091929,Bald Mesa,BALD
440,449.1,444.1,Moab,K7QEQ,Southeast,N,,,N,,N,N,N,N,,Y,Cactus,Y,38.5286,-109.3247,C X L(Cactus),383143,1091929,Bald Mesa,BALD
144,146.84,146.24,Richfield,WA7VHF,Wasatch Front,Y,100,,N,,N,N,N,N,,N,Intertie,Y,38.5364,-112.0728,O X E 100.0,383211,1120422,Monroe Peak,MONROE
144,146.64,146.04,Monroe,W7JVN,Central,Y,100,,N,,N,N,N,Y,,Y,146.72,N,38.5367,-112.0725,O A-911 100.0 L146.72,383212,1120421,Monroe Peak,MONROE
440,447.45,442.45,East Monroe,W7DHH,Central,Y,114.8,,N,,N,N,N,N,,Y,433.65,Y,38.5367,-112.0725,O X 114.8 L146.860,383212,1120421,Monroe Peak,MONROE
144,146.86,146.26,East Monroe,WB7REL,Central,Y,100,,N,,N,N,N,Y,,Y,433.65,N,38.5394,-112.0731,O A-911 100.0 L146.66,383222,1120423,Monroe Peak,SALINA
144,146.9,146.3,Moab,K7QEQ,Southeast,Y,88.5,,N,,N,Y,N,Y,,Y,147.32,N,38.5739,-109.5492,OCaRb 88.5 L147.32,383426,1093257,Moab,MOAB
902,927.9375,902.9375,Richfield,K1ENT,Central,N,,,N,,N,N,N,N,,N,,N,38.6325,-112.0442,O,383757,1120239,Monroe Peak,MONROE
144,146.72,146.12,East Salina,WB7REL,Central,Y,131.8,,N,,N,N,N,Y,,Y,448.275,N,38.7739,-111.48,O A-911 100.0 L146.66,384626,1112848,Salina Canyon,SALINA
440,447.15,442.15,Salina,KD7YE,Central,N,,,N,,N,Y,N,N,,N,,Y,38.7739,-111.48,OX  Rb 52.525 ,384626,1112848,Salina Canyon,SALINA
144,147.1,147.7,East Holden,N7GGN,Central,Y,100,,N,,N,N,N,Y,,N,433.65,Y,39.0417,-112.1417,O X CA 100.0,390230,1120830,Beesting Peak,BEESTING
440,449.3,444.3,East of Holden,WB7REL,Central,Y,88.5,,N,,N,Y,N,N,,N,,Y,39.0417,-112.1417,OX 88.5 Rb(52.525),390230,1120830,Beesting Peak,FILLMORE
440,447.35,442.35,Gunnison,N7RVS,Central,Y,88.5,,N,,N,N,N,N,,Y,,N,39.0969,-111.8194,O 88.5 L SDARC,390549,1114910,N7RVS QTH,Gunnison
440,447.125,442.125,Cedar Mtn,K7YI,Price,Y,100,,N,,N,N,N,N,,Y,Cactus,Y,39.1714,-110.6192,C X 100.0 L(Cactus),391017,1103709,Cedar Mtn,CDRMTN
144,147.12,147.72,Castledale,K7JL,Price,Y,100,,N,,N,N,N,N,,Y,147.18,Y,39.1772,-110.6069,O X 100.0 L147.18,391038,1103625,Cedar Mtn.,CDRMTN
144,147.14,147.74,Castledale,K7SDC,Price,Y,88.5,,N,,N,Y,N,Y,,Y,147.32,Y,39.1772,-110.6069,OXCaRb 88.5 L147.32,391038,1103625,Cedar Mtn,CDRMTN
440,448.075,443.075,Castledale,K2NWS,Price,N,,,N,,N,N,N,N,,N,,Y,39.1772,-110.6069,O D-Star,391038,1103625,Cedar Mtn.,CDRMTN
440,448.55,443.55,Castledale,WX7Y,Price,Y,88.5,,N,,N,Y,N,N,,N,,Y,39.1772,-110.6069,O X Rb(HF/VHF) 88.5,391038,1103625,Cedar Mtn,CDRMTN
144,147.38,147.98,Delta,KB7WQD,Southwest,Y,203.5,,N,,N,N,N,N,,N,,N,39.1881,-113.4083,O,391117,1132430,Delta,DELTA
440,449.25,444.25,High Top,WB7REL,Central,Y,131.8,,N,,N,N,N,N,,Y,145.29,Y,39.1889,-111.7181,O X 131.8 L145.29,391120,1114305,High Top,Fish Lake
440,447.85,442.85,Sterling,WB7REL,Central,Y,131.8,,N,,N,N,N,N,,N,,N,39.2017,-111.7283,O 131.8 2Mtr RB,391206,1114342,West of Sterling,STERLING
144,147.06,147.66,Castledale,K7SDC,Price,Y,88.5,,N,,N,Y,N,Y,,Y,147.32,Y,39.21,-111.1417,OXCaRb 88.5 L147.32,391236,1110830,Horn Mtn,CEW
220,223.92,222.32,Ephriam,WX7Y,Central,Y,88.5,,N,,N,Y,N,N,,N,,Y,39.21,-111.1417,O X Rb 88.5,391236,1110830,Skyline Drive,SKYLINE
440,447.625,442.625,Castledale,K7YI,Price,Y,100,,N,,N,N,N,N,,Y,Cactus,Y,39.21,-111.1417,C X 100.0 L(Cactus),391236,1110830,Horn Mtn.,CEW
440,447.7,442.7,Castledale,WX7Y,Price,Y,123,,N,,N,N,N,Y,,N,,Y,39.21,-111.1417,O X Ca 123.0 IRLP3280,391236,1110830,Horn Mtn.,CEW
144,147.26,147.86,Hinckley,N7WPF,Southwest,N,,,N,,N,N,N,N,,N,,N,39.3167,-112.6667,O,391900,1124000,Hinckley,DELTA
440,449.75,444.75,Manti,N7YFZ,Central,Y,131.8,,N,,N,N,N,Y,,N,,N,39.3222,-111.7722,O CA 131.8,391920,1114620,Barton Peak,MANTI
144,145.29,144.69,Manti,WB7REL,Central,Y,131.8,,N,,N,N,N,Y,,Y,146.66,Y,39.3231,-111.7731,O A-911 131.8 L146.66,391923,1114623,Barton Peak,MANTI
440,448.275,443.275,West Manti,WB7REL,Central,Y,107.2,,N,,N,N,N,Y,,Y,433.65,N,39.3231,-111.7731,O A-911 107.2 L146.66,391923,1114623,Barton Pk.,MANTI
144,146.66,146.06,East Ephraim,W7DHH,Central,Y,100,,N,,N,N,N,Y,,Y,433.65,Y,39.3367,-111.4508,O X A911 100.0 L146.86,392012,1112703,Skyline Drive Horseshoe,SKYLINE
440,448.575,443.575,Horseshoe,WB7REL,Central,Y,131.8,,N,,N,N,N,N,,Y,223.92,Y,39.3367,-111.4508,O X L223.92,392012,1112703,Horseshoe,SKYLINE
440,448.975,443.975,Manti,WA7FFM,Central,N,,,N,,N,N,N,N,,Y,Cactus,Y,39.3367,-111.4508,C X L(Cactus),392012,1112703,Horse Shoe,CEN
144,145.27,144.67,Levan Peak,K7JL,Wasatch Front,Y,103.5,,N,,N,N,N,N,,Y,Intertie,Y,39.4919,-111.8286,O X E 100.0 L 147.120,392931,1114943,Levan Peak State site, 
144,147.2,147.8,Price,K7GX,Price,Y,88.5,,N,,N,N,N,N,,N,,N,39.6078,-110.8136,O,393628,1104849,Wood Hill,PRICE
440,448.3,443.3,Price,K7GX,Price,Y,88.5,,N,,N,N,N,N,,N,,N,39.6078,-110.8136,O,393628,1104849,Wood Hill,PRICE
440,449.35,444.35,Price,KA7LEG ,Price,N,,,N,,N,N,N,N,,N,,N,39.6078,-110.8136,O,393628,1104849,Wood Hill,PRICE
52,50.07,,Fairview,WA7X,Central,N,,,N,,N,N,N,N,,N,,N,39.6181,-111.3644,Beacon,393705,1112152,Fairview,MANTI
144,144.299,,Fairview,WA7X,Central,N,,,N,,N,N,N,N,,N,,N,39.6181,-111.3644,Beacon,393705,1112152,Fairview,MANTI
440,432.399,,Fairview,WA7X,Central,N,,,N,,N,N,N,N,,N,,N,39.6181,-111.3644,Beacon,393705,1112152,Fairview,MANTI
440,449.025,444.025,Fairview,WA7X,Central,N,,,N,,N,N,N,N,,N,,Y,39.6181,-111.3644,O X E,393705,1112152,Fairview,MANTI
144,147.32,147.92,Sunnyside,K7SDC,Price,Y,88.5,,N,,N,Y,N,Y,,Y,SDARC,Y,39.6389,-110.3425,OXCaRb 88.5 LSDARC,393820,1102033,Bruin Peak,BRUIN
440,449.05,444.05,Sunnyside,K7SDC,Price,Y,88.5,,N,,N,Y,N,Y,,Y,147.32,Y,39.6389,-110.3425,OXCaRb 88.5 L147.32,393820,1102033,Bruin Peak,BRUIN
144,145.175,144.575,Sunnyside,K7SDC,Price,N,,,N,,N,Y,N,Y,,Y,SDARC,Y,39.6447,-110.3478,O NXDN,393841,1102052,Bruin Peak,BRUIN
144,147.08,147.68,Scofield,K7SDC,Price,Y,88.5,,N,,N,Y,N,Y,,Y,147.32,Y,39.6567,-111.1994,OXCaRb 88.5 L147.32,393924,1111158,Boardinghouse Ridge,FORD
220,224.98,223.38,Scofield,WX7Y,Price,Y,88.5,,N,,N,Y,N,N,,N,,Y,39.6567,-111.1994,O X E Rb IREAN,393924,1111158,Boardinghouse,PRICE
144,145.31,144.71,Scofield,K7SDC,Price,Y,88.5,,N,,N,Y,N,Y,,Y,147.32,Y,39.7564,-110.99,OXCaRb 88.5 L147.32,394523,1105924,Ford Ridge,FORD
144,146.72,146.12,Indianola,WB7REL,Central,Y,100,,N,,N,N,N,Y,,Y,433.65,N,39.7594,-111.5433,O A-911 100 L146.66,394534,1113236,Indianola Peak,MANTI
440,447.325,442.325,Indian Canyon,N7KYY,Price,Y,114.8,,N,,N,N,N,N,,N,,N,39.8447,-110.7231,,395041,1104323,Indian Canyon,
144,145.39,144.79,Vernon,W7EO,West,Y,100,,N,,N,N,N,Y,,Y,146.98,N,39.9844,-112.5397,O A L146.98,395904,1123223,Black Crook,DELTA/TV
440,448.975,443.975,Vernon,WA7GIE,West,N,,,N,,N,N,N,N,,Y,Cactus,Y,39.9844,-112.5397,C X L(Cactus),395904,1123223,Black Crook,TV
440,449.8,444.8,Woodland Hills,KC7WSU,Wasatch Front,N,,,N,,N,N,N,N,,N,,N,40.0042,-111.6453,O Mototrbo,400015,1113843,Woodland Hills,UTCM
440,447.3,442.3,Woodland Hills,WB7RPF,Wasatch Front,Y,100,,N,,N,N,N,N,,N,,N,40.0056,-111.6547,O,400020,1113917,Woodland Hills,WF
440,447.075,442.075,Salem,N7FQ,Wasatch Front,Y,131.8,,N,,N,N,N,N,,N,,N,40.0256,-111.6703,O 131.8,400132,1114013,Salem,UTCM
440,447.4,442.4,Spanish Fork,K7DSN,Wasatch Front,Y,100,,N,,N,N,N,N,,N,,Y,40.0278,-111.3708,O X,400140,1112215,Teat Peak,Spanish Fork
440,449.25,444.25,Salem,W7TTK,Wasatch Front,Y,88.5,,N,,N,N,Y,N,,N,,N,40.0306,-111.66,O,400150,1113936,W7TTK QTH,UTCM
144,145.63,145.63,Provo,NV7V,Provo,N,,,N,,N,N,N,N,,N,,N,40.0364,-111.7214,Space Shuttle Audio,400211,1114317,Provo/Utah County,UTCM
440,447,442,Payson,NV7V,Wasatch Front,N,,,N,,N,N,N,N,,N,,N,40.0369,-111.7211,O,400213,1114316,Payson,UTCM
440,448.025,443.025,Payson,KB7M,Wasatch Front,Y,131.8,,N,,N,Y,N,N,,N,,N,40.0431,-111.7381,O Rb(2m) 131.8,400235,1114417,Payson,UTCM
440,447.125,442.125,Payson,K7UCA,Wasatch Front,Y,100,,N,,N,N,N,N,,N,,N,40.0439,-111.7136,ARES 100.0,400238,1114249,Mtn View Hospital,WF
220,224.6,223,Payson,WD7N,Wasatch Front,N,,,N,,N,N,N,N,,N,,N,40.045,-111.7317, ,400242,1114354,Payson,WF
440,448.95,443.95,Payson,WA7FFM,Wasatch Front,N,,,N,,N,N,N,N,,N,,N,40.0892,-111.8219,O,400521,1114919,West Mtn,UTCM
440,448.25,443.25,Payson,N6QWU,Wasatch Front,Y,100,,N,,N,N,N,N,,N,,Y,40.0894,-111.8222,O,400522,1114920,West Mtn,UTCM
144,147.34,147.94,Payson,K7UCS,Wasatch Front,Y,100,,N,,N,N,N,N,,N,,Y,40.09,-111.8281,O X 100.0,400524,1114941,West Mtn.,UTCO/SLC/CDRVLY
144,147.02,147.62,Payson,K7MLA,Wasatch Front,Y,100,,N,,N,N,N,Y,,N,,Y,40.0903,-111.8219,O A,400525,1114919,West Mtn.,UTCM
440,449.225,444.225,Payson,K7MLA,Wasatch Front,Y,100,,N,,N,N,N,N,,N,,N,40.0903,-111.8219,O E 100.0,400525,1114919,West Mtn,UTCM
440,447.325,442.325,Springville,N7KYY,Wasatch Front,Y,114.8,,N,,N,N,N,N,,N,,N,40.0967,-111.3475,O E 114.8 port,400548,1112051,Springville,UTCM
144,146.8,146.2,Mapleton,N6EZO,Wasatch Front,Y,100,,N,,N,N,N,N,,N,,N,40.1011,-111.5836,O E-SUN L 448.250,400604,1113501,Mapleton,UTCM
440,449.9,444.9,Vernal,W7BAR,North East,Y,136.5,,N,,N,N,N,N,,N,,N,40.1069,-109.3783,O 136.5 Yaesu D IRLP7705,400625,1092242,Uintah Co EOC,VERNAL
440,449.95,444.95,Vernon,W7EO,West,Y,100,,N,,N,N,N,N,,N,,N,40.1303,-112.3847,O 100.0,400749,1122305,Vernon Hills,TV
144,147.26,147.86,Duchesne,N7PQD,Northeast,N,,,N,,N,N,N,N,,N,,N,40.1533,-110.3922,O,400912,1102332,Duchesne,TABBY
440,447.475,442.475,Springville,WD7N,Wasatch Front,Y,186.2,,N,,N,N,N,N,,N,,N,40.1619,-111.6025,O 186.2,400943,1113609,Springville,UTCM
144,145.49,144.89,Myton,W7BAR,Northeast,Y,136.5,,N,,N,N,N,Y,,Y,147.32,N,40.2222,-110.1042,O A 136.5 L147.32,401320,1100615,"Flat Top, 1 Mile NW of Myton",VERNAL
440,449.85,444.85,Provo,WA7FFM,Wasatch Front,N,,,N,,N,N,N,N,,N,,N,40.2336,-111.6583,O,401401,1113930,Ut. Valley Reg. Med. Cntr.,UTCM
440,447.425,442.425,Provo,N7EVC,Wasatch Front,N,,,N,,N,N,N,N,,N,,N,40.2344,-111.6583,O,401404,1113930,Provo,UTCM
440,449.825,444.825,Provo,KB7YOT,Wasatch Front,Y,167.9,,N,,N,N,N,N,,N,,N,40.2361,-111.6289,O 167.9,401410,1113744,Provo,UTCM
144,145.33,144.73,BYU Campus,N7BYU,Wasatch Front,Y,100,,N,,N,N,N,Y,,N,,N,40.2458,-111.6511,O Ca,401445,1113904,BYU Campus,UTCM
440,449.075,444.075,Provo BYU,N7BYU,Wasatch Front,Y,167.9,,N,,N,N,N,N,,N,,N,40.2458,-111.6458,O,401445,1113845,BYU,UTCM
144,147.28,147.88,Provo,K7UCS,Wasatch Front,Y,141.3,,N,,N,N,N,N,,N,449.675,Y,40.2608,-111.9281,O X 141.3,401539,1115541,Lake Mtn Co site south end,UTCO/SLC/CDRVLY
440,448.325,443.325,Provo,K7UCS,Wasatch Front,Y,103.5,,N,,N,N,N,N,,N,,Y,40.2608,-111.9281,O X 103.5,401539,1115541,Lake Mtn Co site south end,UTCM
440,449.675,444.675,Provo,K7UCS,Wasatch Front,Y,173.8,,N,,N,N,N,Y,,Y,448.325,N,40.2608,-111.9281,O A 173.8,401539,1115541,Lake Mtn Co site south end,UTCM
1240,1284.5,1272.5,Provo,W7OAD,Wasatch Front,N,,,N,,N,N,N,N,,N,,N,40.2608,-111.9281,O D-Star,401539,1115541,Lake Mtn,WF
220,224.7,223.1,Provo,KE7AU,Wasatch Front,Y,107.2,,N,,N,N,N,N,,N,,Y,40.2617,-111.9278,O 107.2 X,401542,1115540,Lake Mtn,UTCO/SLC/CDRVLY
440,449.475,444.475,Provo,WA7GIE,Wasatch Front,Y,100,,N,,N,N,N,N,,Y,449.425,Y,40.2617,-111.9278,O X L 449.425 IRLP,401542,1115540,Lake Mtn,UTCM
440,449.2,444.2,Provo,WA7FFM,Wasatch Front,N,,,N,,N,N,N,N,,N,,N,40.2664,-111.9367,O,401559,1115612,Lake Mtn Citadel site,UTCM
220,224.64,223.04,Provo,N7IMF,Wasatch Front,Y,156.7,,N,,N,N,N,N,,Y,447.6,Y,40.2781,-111.9336,C X I ,401641,1115601,Lake Mtn,WF
440,447.875,442.875,Lehi,KA7EGC,Wasatch Front,Y,100,,N,,N,N,N,N,,Y,449.175,N,40.2781,-111.9336,O 131.8 L449.175,401641,1115601,Lake Mtn,UTCM / SLM
440,448.225,443.225,Provo,K6GEK,Wasatch Front,Y,100,,N,,N,N,N,N,,N,,Y,40.2781,-111.9336,O X,401641,1115601,Lake Mtn,UTCM
440,448.7,443.7,Lake Mtn,N7IMF,Wasatch Front,Y,114.8,,N,,N,N,N,N,,N,,Y,40.2781,-111.9336,C X I 114.8 ,401641,1115601,Lake Mtn,UTCM/SLM
144,146.76,146.16,Provo,W7SP,Wasatch Front,N,,,N,,N,N,N,Y,,N,,Y,40.2822,-111.9361,O E Ca X,401656,1115610,Lake Mtn State site north end,UTCO/SLC/CDRVLY
902,927.6125,902.6125,Salt Lake,KE7WKS,Wasatch Front,Y,151.4,,N,,N,N,N,N,,N,,Y,40.2822,-111.9361,O,401656,1115610,Lake Mtn,WF
144,147.08,147.68,Salt Lake,WX7Y,Wasatch Front,Y,77,,N,,N,N,N,N,,Y,147.32,Y,40.2825,-111.9369,O 77.0 L147.32,401657,1115613,Lake Mtn,WFM
144,146.78,146.18,Orem,K7UVA,Wasatch Front,Y,100,,N,,N,N,N,Y,,N,,Y,40.2828,-111.9364,O 100.0,401658,1115611,Lake Mtn north end,UTCM
220,224.42,222.82,American Fork,W7WJC,Wasatch Front,Y,156.7,,N,,N,N,N,N,,N,,N,40.2828,-111.9364,O,401658,1115611,Lake Mtn FM station north end,UTCM/SLM
144,145.23,144.63,Provo,K7UCS,Wasatch Front,Y,131.8,,N,,N,N,N,N,,N,,N,40.2831,-111.9375,O ARES 131.8,401659,1115615,Lake Mtn Co site south end,UTCM
220,224.56,222.96,Lehi,KB7M,Wasatch Front,Y,100,,N,,N,N,N,N,,N,448.2,Y,40.2831,-111.9375,O X 123.0 HF Remote,401659,1115615,North Lake Mtn,SLM
440,448.2,443.2,Lehi,KB7M,Wasatch Front,Y,100,,N,,N,N,N,N,,N,224.56,Y,40.2831,-111.9375,O X 123.0,401659,1115615,North Lake Mtn BLM Bldg,SLM
440,449.975,444.975,Lake Mtn,K7UCS,Wasatch Front,Y,131.8,,N,,N,N,N,N,,N,,Y,40.2831,-111.9375,O X 131.8,401659,1115615,Lake Mtn,UTCO/TOWER
144,147.22,147.82,Provo Edgemont,KR7D,Wasatch Front,N,,,N,,N,N,N,Y,,N,145.25,N,40.2897,-111.6547,O A,401723,1113917,Provo Edgemont Stake Ctr,UTCM
440,447.675,442.675,Sarotoga Springs,KF7RCZ,Wasatch Front,Y,100,,N,,N,N,N,N,,N,,N,40.2911,-111.8797,O 100.0,401728,1115247,KF7RCZ QTH Saratoga Springs,UTCM
440,447.6,442.6,Lehi,KD7RBR,Wasatch Front,Y,162.2,,N,,N,N,N,N,,N,,N,40.2983,-111.7192,O,401754,1114309,Pt of Mtn,UTCM
144,146.92,146.32,Roosevelt,W7BYU,Northeast,Y,136.5,,N,,N,N,N,N,,N,,N,40.3028,-109.9883,O,401810,1095918,Roosevelt,VERNAL
440,449.575,444.575,Orem,N7FOC,Wasatch Front,N,,,N,,N,N,N,N,,N,,N,40.3103,-111.67,O  Temp Portable,401837,1114012,Orem,UTCM
440,449.25,444.25,Eagle Mtn,WD7N,Wasatch Front,Y,110.9,,N,,N,N,N,N,,N,,N,40.3128,-112.0075,O 110.9,401846,1120027,Eagle Mtn.,UTCM
440,447.275,442.275,Orem,K7UCA,Wasatch Front,Y,100,,N,,N,N,N,N,,N,,N,40.3139,-111.7128,ARES 100.0,401850,1114246,Timpanogos Hospital,WF
144,145.47,144.87,Orem,K7UVA,Wasatch Front,Y,100,,N,,N,N,N,Y,,N,,N,40.3189,-111.6739,O A 100.0,401908,1114026,QTH AC7DM,UTCM
440,449.7,444.7,Cedar Fort,KO7R,Wasatch Front,Y,127.3,,N,,N,N,N,N,,N,,N,40.3317,-112.115,O 127.3,401954,1120654,Internet Hill,Cedar Valley
144,147.1,147.7,Vernal,W7BAR,Northeast,Y,136.5,,N,,N,N,N,Y,,N,,Y,40.3533,-109.1458,O E X 136.5,402112,1090845,Blue Mtn.,VERNAL
220,223.9,222.3,Vernal,WX7Y,Northeast,N,,,N,,N,N,N,N,,N,,N,40.3533,-109.1458,O L,402112,1090845,Blue Mtn.,VERNAL
440,449.7,444.7,Vernal,W7BYU,Northeast,Y,136.5,,N,,N,N,N,N,,N,,N,40.3564,-109.1458,"O X 136.5, C4FM",402123,1090845,Vernal,VERNAL
144,146.74,146.14,Altamont,WB7CBS,Northeast,Y,100,,N,,N,N,N,Y,,N,,N,40.3589,-110.2872,O A 100.0 136.5,402132,1101714,Altamont,Vernal
144,147.28,147.88,Altamont,AD7ZW,Northeast,Y,107.2,,N,,N,N,N,N,,N,,N,40.3597,-110.2839,O 107.2,402135,1101702,Swazey Store Altamont,Northeast
440,449.775,444.775,Pleasant Grove,K8BKT,Wasatch Front,N,,,N,,N,N,N,N,,N,,N,40.3608,-111.7083,O,402139,1114230,Plesant Grove,UTCM
220,223.88,222.28,Pleasant Grove,KB7YOT,Wasatch Front,Y,156.7,,N,,N,N,N,N,,N,,N,40.3653,-111.7281,O,402155,1114341,Pleasant Grove,WF
144,145.25,144.65,Sundance,KR7D,Wasatch Front,N,,,N,,N,N,N,N,,N,147.22,N,40.3678,-111.5928,O,402204,1113534,Sundance,UTCM
440,449.325,444.325,Pleasant Grove,N7UEO,Wasatch Front,Y,114.8,,N,,N,N,N,N,,N,,N,40.3731,-111.7228,O 114.8,402223,1114322,Pleasant Grove,UTCM
220,224.88,223.28,Orem,N7IMF,Wasatch Front,Y,156.7,,N,,N,N,N,N,,N,,N,40.3786,-111.7828,O,402243,1114658,Orem N7IMF QTH,WF
440,447.975,442.975,Provo,NT3ST,Wasatch Front,N,,,N,,N,N,N,N,,N,,N,40.3858,-111.7833,O D-Star,402309,1114700,KD7BBC QTH,
440,447.05,442.05,Saratoga Springs,KC7WST,Wasatch Front,Y,100,,N, ,N,N,N,N,,N,,N,40.3886,-111.9111,O IRLP ,402319,1115440,KC7WSU QTH,
902,927.3125,902.3125,Saratoga Springs,KE7WKS,Wasatch Front,Y,151.4,,N, ,N,N,N,N,,N,,N,40.3892,-111.9169,O,402321,1115501,KE7WKS QTH,WF
440,448.9,443.9,Provo,KF7OY,Provo,N,,,N,,N,N,N,N,,N,,N,40.3989,-111.7411,Portable,402356,1114428,KF7OY QTH,UTCM
440,449.175,444.175,American Fork,KA7EGC,Wasatch Front,Y,131.8,,N,,N,N,N,N,,N,447.875,N,40.3989,-111.7986,O 131.8 L447.875,402356,1114755,28 West 1080 North Am Fork,UTCM
440,448.875,443.875,Lehi,WB7RPF,Wasatch Front,Y,100,,N,,N,N,N,N,,N,,Y,40.41,-111.8353,C X ,402436,1115007,WB7RPF QTH,UTCM
440,449.25,444.25,Lehi,WB7RPF,Wasatch Front,Y,141.3,,N,,N,N,Y,N,,N,,N,40.41,-111.8353,O 141.3,402436,1115007,Lehi,UTCM
440,447.725,442.725,Highland  ,KX7VC,Wasatch Front,Y,167.9,,N,,N,N,N,N,,N,,N,40.4333,-111.7897,O  Allstar,402600,1114723,KX7VC QTH,UTCM
440,448.625,443.625,Salt Lake,WA7GIE,Wasatch Front,N,,,N,,N,Y,N,N,,Y,Cactus,Y,40.4353,-112.0058,C Rb X L(Cactus),402607,1120021,Flat Top,SLM
144,147.3,147.9,Tooele,W7EO,Wasatch Front,Y,100,,N,,N,N,N,N,,N,,N,40.46,-112.41,O 100.0,402736,1122436,South Mountain,WFM
440,449.35,444.35,Tooele,W7EO,West,Y,100,,N,,N,N,N,N,,N,,N,40.46,-112.4094,O 100.0,402736,1122434,South Mtn.,TV
440,449.375,444.375,Alpine,N7XHO,Wasatch Front,N,,,N,,N,N,N,N,,N,,N,40.4608,-111.7631,O,402739,1114547,Alpine,UTCM
440,448.35,443.35,Draper,N7GAD,Wasatch Front,N,,,N,,N,N,N,N,,N,,N,40.4625,-111.9011,O E Rb ,402745,1115404,South Mtn,UTCM/SLM
220,224.9,223.3,Pt of Mtn,N7IMF,Wasatch Front,Y,156.7,,N,,N,N,,,,,,,40.4644,-111.8917,,402752,1115330,Pt of Mtn,
440,447.9625,442.9625,Salt Lake,W7XDX,Wasatch Front,N,,,N,,N,N,N,N,,N,,N,40.4669,-112.1728,O DMR,402801,1121022,Butterfield Peak,WF
144,145.45,144.85,Salt Lake,WA7UAH,Wasatch Front,Y,100,,N,,N,N,N,N,,N,,Y,40.4672,-112.1708,O X E 100.0,402802,1121015,Butterfield Peak,WFM
144,147.14,147.74,Salt Lake,K7MLA,Wasatch Front,Y,127.3,,N,,N,N,N,N,,Y,147.24,Y,40.4672,-112.1708,OXE 127.3 L147.16/24 ,402802,1121015,Butterfield Peak,WFM
440,449.725,444.725,Salt Lake,WA7UAH,Wasatch Front,Y,151.4,,N,,N,N,N,N,,N,,Y,40.4672,-112.1708,E X 151.4,402802,1121015,Butterfield Pk.,WFM
902,927.1125,902.1125,Salt Lake,W7XDX,Wasatch Front,N,,,Y,432,N,N,N,N,,N,,N,40.4672,-112.1708,O DPL 432,402802,1121015,Butterfield Peak ,WF
144,145.19,144.59,Salt Lake,W7IHC,Wasatch Front,Y,123,,N,,N,N,N,N,,N,,N,40.4681,-112.1542,IHC Radio Club 2nd PL 100,402805,1120915,Intermountain Ridge,SLM
440,448.4,443.4,Salt Lake,W7IHC,Wasatch Front,N,,,N,,N,N,N,N,,N,,Y,40.4681,-112.1542,O,402805,1120915,Intermountain Ridge,WF/I80W/TV/WD
440,447.1,442.1,Draper,KG7EGM,Wasatch Front,Y,100,,N,,N,N,N,N,,N,,Y,40.4808,-111.8367,O 100.0,402851,1115012,Sun Crest Fire Station #122,SLM
440,449.95,444.95,Midway,N7ZOI,Wasatch Front,N,,,N,,N,N,N,N,,N,,N,40.5,-111.4833,O,403000,1112900,Midway,HEBER
440,449.25,444.25,Riverton,K7MLA,Wasatch Front,N,,,N,,N,N,Y,N,,N,,N,40.5019,-111.9347,O SNP (port Rptr),403007,1115605,Salt Lake,SLM
1240,1286,1274,Salt Lake,AA7XY,Wasatch Front,N,,,N,,N,N,N,N,,N,,N,40.5067,-111.8681,O,403024,1115205,Salt Lake,SLM
440,447,442,Draper,KE7QGT,Wasatch Front,Y,88.5,,N,,N,N,N,N,,N,,N,40.5247,-111.8625,O,403129,1115145,Draper,WF
440,449.25,444.25,Herriman,KC1F,Wasatch Front,Y,118.8,,N,,N,N,Y,N,,N,,N,40.5339,-112.0317,O,403202,1120154,Herriman High School,WF
144,147.34,147.94,Vernal,KK7EX,Northeast,Y,136.5,,N,,N,N,N,N,,N,,Y,40.5381,-109.6997,O X 136.5,403217,1094159,Little Mtn,Northeast
144,147.18,147.78,Snowbird,K7JL,Wasatch Front,Y,100,,N,,N,N,N,N,,Y,147.12,Y,40.5611,-111.6453,O X E 100.0 L147.12,403340,1113843,Hidden Peak,HW/WSLC
440,448.375,443.375,Sandy,W7ROY,Wasatch Front,Y,100,,N,,N,N,N,N,,N,,N,40.5683,-111.8583,O 100.0,403406,1115130,Sandy QTH,SLM
144,147.2,147.8,Midway,N7ZOI,Wasatch Front,Y,88.5,,N,,N,N,N,N,,Y,449.525,N,40.5714,-111.4761,O 88.5 L449.525 Scotts,403417,1112834,Wilson Peak,HEBER
440,447.9,442.9,Salt Lake,WD7SL,Wasatch Front,Y,114.8,,N,,N,Y,N,N,,Y,,Y,40.5725,-112.1386,OXE Rb 114.8 OLRC S Jrd,403421,1120819,Curry Peak,DAVIS/SLC/UTCO
902,927.3875,902.3875,Salt Lake,N7SLC,Wasatch Front,N,,,N,,N,N,N,N,,N,,N,40.5733,-112.1403,O,403424,1120825,Curry Peak,Salt Lake
440,447.625,442.625,Sandy,KG7FMP,Wasatch Front,Y,100,,N,,N,N,N,N,,N,,N,40.5808,-111.8522,O,403451,1115108,1300 East 9400 South Sandy,SLM
144,146.84,146.24,Salt Lake,N7PCE,Wasatch Front,N,,,N,,N,N,N,N,,N,,N,40.5903,-111.975,O (ARES),403525,1115830,Jordan Valley Hospital,SLM
220,224.78,223.18,Salt Lake,KD0J,Wasatch Front,Y,100,,N,,N,N,N,N,,N,,N,40.5903,-111.975,O E 100.0,403525,1115830,Jordan Valley Hospital,SLM
440,447.75,442.75,West Jordan,WD7P,Wasatch Front,Y,100,,N,,N,N,N,N,,N,,N,40.5975,-112.0439,O Wires X,403551,1120238,West Jordan,
24000,24192.21,,Salt Lake,N0KGM,Wasatch Front,N,,,N,,N,N,N,N,,N,,N,40.6014,-111.7919,Beacon FSK CW,403605,1114731,N0KGM QTH 8241 S 3675 E,SLM
500,1252,2416,Salt Lake,WA7GIE,Wasatch Front,N,,,N,,N,N,N,N,,N,,Y,40.6136,-112.1869,O ATV FM,403649,1121113,Nelson Peak,SLM
10000,10368.27,,Salt Lake,WA7GIE,Wasatch Front,N,,,N,,N,N,N,N,,N,,N,40.6136,-112.1869,Beacon FSK CW,403649,1121113,Nelson Peak,WF
144,147.38,147.98,Salt Lake,WA7GIE,Wasatch Front,N,,,N,,N,N,N,N,,Y, ,N,40.6139,-112.1856,O Dstar L448.725,403650,1121108,Nelson Peak,WF/I80W/TV/WD
440,433.6,423.6,Nelson Peak,WA7GIE,Wasatch Front,Y,100,,N,,N,N,N,N,,N,,N,40.6139,-112.1856,IRLP Lk 449.550,403650,1121108,Nelson Peak,WF
440,448.725,443.725,Salt Lake,WA7GIE,Wasatch Front,N,,,N,,N,N,N,N,,Y, ,N,40.6139,-112.1856,O Dstar L147.380,403650,1121108,Nelson Peak,WF/I80W/TV/WD
440,449,444,Salt Lake,WA7GIE,Wasatch Front,N,,,N,,N,Y,N,N,,Y,Cactus,Y,40.6139,-112.1856,C X Rb L(Cactus),403650,1121108,Nelson Peak,UTCO/SLC/DAVIS
440,449.425,444.425,Salt Lake,WA7GIE,Wasatch Front,Y,100,,N,,N,N,N,N,,Y,449.475,Y,40.6139,-112.1856,O X L 449.475 IRLP 5620,403650,1121108,Nelson Peak,SLM
440,447.525,442.525,Salt Lake,K2NWS,Wasatch Front,Y,107.2,,N,,N,N,N,N,,N,NWS,N,40.6272,-112.0575,O NWS Alerts,403738,1120327,Bacchus,SLM
440,448,443,Salt Lake,K7SLC,Wasatch Front,Y,127.3,,N,,N,N,N,N,,N,,N,40.6272,-112.055,O Portable Trailer,403738,1120318,Trailer,SLM
144,145.27,144.67,Brighton,K7JL,Wasatch Front,Y,100,,N,,N,N,N,N,,Y,Intertie,Y,40.6292,-111.5689,O X E 100.0 L 147.180,403745,1113408,Scotts Hill,HW/WSLC
144,146.62,146.02,Brighton,W7SP,Wasatch Front,N,,,N,,N,N,N,N,,Y,146.62,Y,40.6292,-111.5689,O X L146.62(SLC),403745,1113408,Scott's Hill,HW/i80E
440,449.525,444.525,Brighton,K7JL,Wasatch Front,Y,131.8,,N,,N,N,N,N,,Y,147.2,Y,40.6294,-111.5686,O X 146.2,403746,1113407,Scotts Peak,HW
902,927.5875,902.5875,Salt Lake,W7XDX,Wasatch Front,N, ,,Y,432,N,N,N,N,,N,,N,40.6367,-111.8569,O DPL 432,403812,1115125,W7XDX QTH,WF
440,448.75,443.75,Kamas,WA7GIE,Wasatch Front,N,,,N,,N,N,N,N,,Y,Cactus,N,40.6433,-111.28,O IRLP,403836,1111648,QTH KD7MCI, 
440,449.65,444.65,Salt Lake,W7YDO,Wasatch Front,Y,167.9,,N,,N,N,N,N,,Y, ,N,40.6453,-111.8811,O  167.9 ,403843,1115252,W7YDO QTH,SLM
144,145.35,144.75,Murray,NM7P,Wasatch Front,Y,100,,N,,N,N,N,N,,Y,,N,40.6483,-111.9175,O L Rb HF,403854,1115503,Murray,SLM
440,447.225,442.225,Murray,WA7VHF,Wasatch Front,Y,100,,N,,N,N,N,N,,N,,Y,40.6483,-111.9175,O 100.0,403854,1115503,5600 South 900 West Murray,
902,927.4125,902.4125,Salt Lake,AA7J,Wasatch Front,N,,,N,,N,N,N,N,,N,,N,40.6508,-112.0061,O,403903,1120022,Salt Lake,Salt Lake
440,447.375,442.375,Draper,AA7XY,Wasatch Front,N,,,N,,N,N,N,N,,N,,N,40.6531,-112.2017,O,403911,1121206,Draper,SLM
1240,1285,1273,Salt Lake,K7OJU,Wasatch Front,Y,88.5,,N,,N,N,N,N,,Y,448.4,Y,40.6531,-112.2017,O 88.5,403911,1121206,Farnsworth Peak,SLM
52,53.11,52.11,Murray,N7HIW,Wasatch Front,N,,,N,,N,N,N,Y,,Y,448.125,N,40.6556,-111.8889,O Ca L448.125,403920,1115320,Murray,SLM
440,448.825,443.825,Murray,N7TGX,Wasatch Front,N,,,N,,N,N,N,N,,N,,N,40.6556,-111.8889,O,403920,1115320,Murray,SLM
440,448.125,443.125,Murray,N7HIW,Wasatch Front,Y,100,,N,,N,N,N,Y,,N,,N,40.6558,-111.915,O Ca,403921,1115454,Murray,SLM
52,53.15,52.15,Salt Lake,KI7DX,Wasatch Front,Y,146.2,,N,,N,N,N,N,,Y,448.15,Y,40.6583,-112.2031,O X 146.2 L 448.150,403930,1121211,Farnsworth (FOX 13),SLCN/UTCON/TV/I80W/SDAVISN
144,146.94,146.34,Salt Lake,K7JL,Wasatch Front,Y,88.5,,N,,N,N,N,N,,N,,Y,40.6583,-112.2031,O X 88.5 Yaesu Fusion,403930,1121211,Farnsworth Peak Fox 13,UTCO/SLC/DAVIS
144,147.12,147.72,Salt Lake,K7JL,Wasatch Front,Y,100,,N,,N,N,N,N,,Y,147.18,Y,40.6583,-112.2031,O X E 100.0 L147.18,403930,1121211,Farnsworth Peak Fox 13,WF/I80W/TV/WD
440,448.15,443.15,Salt Lake,KI7DX,Wasatch Front,Y,127.3,,N,,N,N,N,N,,Y,53.15,Y,40.6583,-112.2031,O X 127.3 L53.150,403930,1121211,Farnsworth Peak (KSTU FOX 13),SLC/UTCO
440,449.15,444.15,Farnsworth Peak,K7JL,Wasatch Front,Y,100,,N,,N,N,N,N,,N,,Y,40.6583,-112.2031,O X,403930,1121211,Farnsworth Peak,SLM
440,449.5,444.5,Salt Lake,K7JL,Wasatch Front,Y,100,,N,,N,N,N,N,,N, ,Y,40.6583,-112.2031,O E X 100.0 L,403930,1121211,Farnsworth Pk,WF/I80W/TV/WD
902,927.4875,902.4875,Salt Lake,K7JL,Wasatch Front,N,,,N,,N,N,N,N,,N,,N,40.6583,-112.2031,O,403930,1121211,Farnsworth Peak,Salt Lake
500,1265,2425,Salt Lake,WA7GIE,Wasatch Front,N,,,N,,N,N,N,N,,N,,N,40.6592,-112.2022,O ATV FM,403933,1121208,Nelson Peak,WFM
144,145.125,144.525,Salt Lake,KF6RAL,Wasatch Front,N,,,N,,N,N,N,N,,Y, ,N,40.6597,-112.2025,O Dstar,403935,1121209,Farnsworth PK,WF/I80W/TV/WD
144,146.62,146.02,Salt Lake,W7SP,Wasatch Front,N,,,N,,N,N,N,N,,Y,146.62,Y,40.6597,-112.2022,OEX L146.62(Scotts),403935,1121208,Farnsworth Peak KSL 5,WF/TV/I80W/WD
440,448.075,443.075,Salt Lake,KF6RAL,Wasatch Front,N,,,N,,N,N,N,N,,N,,N,40.6597,-112.2025,O D-Star L145.125,403935,1121209,Farnsworth  Peak,WF/I80W/TV/WD
440,449.025,444.025,Salt Lake,WA7X,Wasatch Front,Y,146.2,,N,,N,N,N,Y,,N,,Y,40.6597,-112.2022,O A X 146.2,403935,1121208,Farnsworth Pk,WF/I80W/TV/WD
440,449.1,444.1,Salt Lake,WA7X,Wasatch Front,Y,146.2,,N,,N,N,N,Y,,N,,Y,40.6597,-112.2022,O A X 146.2,403935,1121208,Farnsworth Pk,WF/I80W/TV/WD
1240,1287,1275,Salt Lake,KF6RAL,Wasatch Front,N,,,N,,N,N,N,N,,N,,N,40.6597,-112.2025,O D-Star L145.125/448.075,403935,1121209,Farnsworth  Peak,WF/I80W/TV/WD
1240,1299.25,1299.25,Salt Lake,KF6RAL,Wasatch Front,N,,,N,,N,N,N,N,,N,,N,40.6597,-112.2025,O D-Star L145.125/448.075,403935,1121209,Farnsworth  Peak,WF/I80W/TV/WD
144,145.15,144.55,Murray,KO7SLC,Wasatch Front,N,,,N,,N,N,N,N,,Y,,N,40.6606,-111.8908,O D-Star,403938,1115327,IHC Hospital Murray,SLM
440,447.25,442.25,Salt Lake,KF7JBA,Wasatch Front,Y,100,,N,,N,N,N,N,,N,,Y,40.6606,-111.8911,O 100.0 X,403938,1115328,Intermountain Medical Center,SLM
440,447.95,442.95,Murray,KO7SLC,Wasatch Front,N,,,N,,N,N,N,N,,Y,,N,40.6606,-111.8908,O D-Star,403938,1115327,IHC Hospital Murray,SLM
1240,1298.75,1298.75,Murray,KO7SLC,Wasatch Front,N,,,N,,N,N,N,N,,Y,,N,40.6606,-111.8908,O D-Star,403938,1115327,IHC Hospital Murray,SLM
440,447.175,442.175,Salt Lake,W7SAR,Wasatch Front,N,,,N,,N,N,N,N,,N,,N,40.6647,-112.0211,O portable,403953,1120116,Salt Lake,SLM
440,447.575,442.575,Kearns,K7LNP,Wasatch Front,Y,114.8,,N,,N,N,N,N,,N,,N,40.6647,-112.0014,O 114.8         ,403953,1120005,4814 S 4620 W Kearns,SLM
144,146.88,146.28,Salt Lake,KD0J,Wasatch Front,Y,88.5,,N,,N,N,N,N,,N,,N,40.6722,-111.9408,O ARES 88.5,404020,1115627,Salt Lake Community College,SLC/DAVIS
220,223.94,222.34,Salt Lake,KD0J,Wasatch Front,Y,100,,N,,N,N,N,N,,N,,N,40.6722,-111.9408,O ARES 100.0,404020,1115627,Salt Lake Community College,SLM
440,449.9,444.9,Salt Lake,KD0J,Wasatch Front,Y,100,,N,,N,N,N,N,,N,,N,40.6722,-111.9408,O 100.0,404020,1115627,Salt Lake Community College,SLM
440,448.85,443.85,Salt Lake,W7YDO,Wasatch Front,N,,,N,,N,N,N,N,,N,,Y,40.6756,-112.2022,C X,404032,1121208,Oquirrhs,SLM
144,147.38,147.98,Mirror Lake,WA7GIE,Wasatch Front,Y,100,,N,,N,N,N,N,,N,,Y,40.6886,-110.9022,O X ,404119,1105408,Bald Mtn Pass Forest Svc site,Mirror Lake
440,447.7,442.7,Salt Lake,KF7YXL,Wasatch Front,Y,100,,N,,N,N,N,N,,N,,N,40.6919,-111.8944,O 100.0,404131,1115340,South Salt Lake Fire Station 43,SLM
144,145.37,144.77,Magna,K7MLA,Wasatch Front,N,,,N,,N,N,N,N,,N,,Y,40.6931,-112.0639,O X,404135,1120350,Bishops Storehouse Magna,West Mtn
440,448.475,443.475,Park City,KB7HAF,Wasatch Front,N,,,N,,N,N,N,N,,N,,Y,40.6936,-111.6047,O X,404137,1113617,Murdock Peak,HW
440,448.55,443.55,Salt Lake,W7IHC,Wasatch Front,Y,100,,N,,N,N,N,N,,N,,N,40.7142,-112.0017,IHC Radio Club,404251,1120006,IHC - West Valley Lake Park Bl,Salt Lake Valley
144,145.15,144.55,Logan,AC7O,North,N,,,N,,N,N,N,N,,N,,Y,40.7222,-111.8494,O X D-Star,404320,1115058,WA7KMF QTH,LOGAN
144,145.41,144.81,Salt Lake,KE7GHK,Wasatch Front,N,,,N,D125N,N,N,Y,N,,N,,N,40.7331,-111.8022,O 162.2,404359,1114808,Carrigan Ridge,SLM
440,447.5,442.5,Park City,NZ6Z,Wasatch Front,N,,,N,,N,N,N,N,,Y,,N,40.7425,-111.5117,O ,404433,1113042,Quarry Mtn QTH, HW
144,147.04,147.64,Vernal,W7BAR,Northeast,Y,136.5,,N,,N,N,N,N,,Y,147.32,Y,40.7517,-109.4872,O E 136.5 L147.32,404506,1092914,Grizzley Ridge,VERNAL
144,147.2,147.8,Wendover,W7EO,West,Y,100,,N,,N,N,N,N,,Y,146.98,Y,40.7544,-114.0194,O 100.0 L146.98,404516,1140110,Wendover Peak,I80W/WD
440,448.675,443.675,Wendover,WA7GIE,Wasatch Front,N,,,N,,N,Y,N,N,,Y,Cactus,Y,40.7544,-114.0194,C X Rb L(Cactus),404516,1140110,Wendover Peak, 
440,449.55,444.55,Wendover,WA7GIE,Wasatch Front,Y,123,,N,,N,N,N,N,,Y,449.425,Y,40.7544,-114.0194,O X IRLP 100.0,404516,1140110,Wendover Peak, 
440,449.75,444.75,Salt Lake,KA7OEI,Wasatch Front,Y,151.4,,N,,N,N,N,N,,N,,N,40.7622,-111.8917,O E 151.4,404544,1115330,Salt Lake,SLM
440,448.425,443.425,Salt Lake,WD7SL,Wasatch Front,Y,100,,N,,N,N,N,N,,N,,N,40.7708,-111.8894,O 100.0,404615,1115322,Downtown SLC,SLM
144,146.74,146.14,Salt Lake City,KD7NX,Wasatch Front,Y,114.8,,N,,N,N,N,N,,N,,N,40.7719,-111.8367,O 114.8,404619,1115012,U of U Hospital,SLM
440,448.1,443.1,U of U Hospital,KD7NX,Wasatch Front,Y,114.8,,N,,N,N,N,N,,N,,N,40.7719,-111.8367,O,404619,1115012,U of U Hospital,SLM/UTCM
144,145.21,144.61,Salt Lake,AA7JR,Wasatch Front,N,,,N,,N,N,N,Y,,N,,N,40.7786,-111.8881,O A,404643,1115317,State Capitol,SLM
144,145.41,144.81,Statewide,W7DES,Wasatch Front,Y,100,,N,,N,N,Y,N,,N,,N,40.7789,-111.8894,O 100 SNP Emerg Svcs,404644,1115322,Statewide,SLM
144,147.06,147.66,Salt Lake,K7CEM,Wasatch Front,N,,,N,,N,N,N,N,,N,,N,40.7789,-111.8883,O,404644,1115318,State Capitol,SLM 
440,448.05,443.05,Salt Lake,K7CSW,Wasatch Front,Y,100,,N,,N,N,N,N,,N,,N,40.7789,-111.9525,O 100.0,404644,1115709,322 No 2200 W Bldg C SLC,SLC/DAVIS
440,448,443,Salt Lake,W7DES,Wasatch Front,Y,100,,N,,N,N,N,N,,N,,N,40.7792,-111.8894,O 100.0 IRLP,404645,1115322,Capital,
440,449.3,444.3,Salt Lake,K7DOU,Wasatch Front,N,,,N,,N,N,N,N,,N,,N,40.7792,-111.8894,O portable rptr ARES,404645,1115322,Salt Lake,SLM
440,447.025,442.025,Salt Lake,W0HU,Wasatch Front,Y,100,,N,,N,N,N,N,,N,,Y,40.7822,-111.9467,O,404656,1115648,W0HU QTH,SLM
440,448.175,443.175,Salt Lake,N7HIW,Wasatch Front,Y,100,,N,,N,N,N,N,,N,,Y,40.8047,-111.8964,O X,404817,1115347,Ensign Peak,SLM
440,449.4,444.4,Salt Lake,K7JL,Wasatch Front,Y,100,,N,,N,Y,N,N,,N,,N,40.8047,-111.8964,O E 2 Mtr RB 100.0,404817,1115347,Ensign Peak ,SLM
144,147.16,147.76,Salt Lake,K7MLA,Wasatch Front,Y,127.3,,N,,N,N,N,Y,,N,147.24,N,40.8058,-111.8906,O A 127.3 L147.14/24,404821,1115326,Ensign Peak,SLM
440,449.275,444.275,Salt Lake,K7OJU,Wasatch Front,Y,88.5,,N,,N,N,N,N,,N,,Y,40.8058,-111.8906,O X 88.5  IRLP 3407,404821,1115326,Ensign Peak,SLM
440,447.9375,442.9375,Ensign Peak,N6DVZ,Wasatch Front,N,,,N,,N,N,N,N,,N,,N,40.8061,-111.895,O Mototrbo,404822,1115342,West Jordan QTH,SLM
440,448.45,443.45,Salt Lake,KC7IIB,Wasatch Front,Y,100,,N,,N,N,N,N,,N,,N,40.8072,-111.8917,O,404826,1115330,Ensign Peak,Salt Lake Valley
440,448.525,443.525,Salt Lake,K7XRD,Wasatch Front,Y,100,,N,,N,N,N,N,,N,,Y,40.8072,-111.8811,O X,404826,1115252,Ensign Peak,SLM
144,146.7,146.1,Salt Lake,KC7IIB,Wasatch Front,Y,100,,N,,N,N,N,N,,N,,N,40.8081,-111.8903,O E 100.0,404829,1115325,Ensign Peak,SLC/DAVIS
440,449.25,444.25,Salt Lake,W7XDX,Wasatch Front,Y,88.5,,N, ,N,N,Y,N,,N,,N,40.8081,-111.8903,O 88.5 SNP,404829,1115325,Ensign Peak,WF
220,223.84,223.84,Salt Lake,WB6CDN,Wasatch Front,N,,,N,,N,Y,N,Y,,Y,IREAN,Y,40.8131,-111.8911,Echolink to 224.820,404847,1115328,Ensign Peak,SLM
220,224.82,223.22,Salt Lake,WB6CDN,Wasatch Front,Y,167.9,,N,,N,Y,N,Y,,Y,IREAN,Y,40.8131,-111.8911,O A E L Rb X Z IREAN,404847,1115328,Ensign Peak,SLM
440,445.1,445.1,Salt Lake,WB6CDN,Wasatch Front,N,,,N,,N,Y,N,Y,,Y,IREAN,Y,40.8131,-111.8911,Echolink to 224.820,404847,1115328,Ensign Peak,SLM
144,147.3,147.9,Bountiful,K7DAV,Wasatch Front,Y,123,,N,,N,N,N,N,,N,,N,40.8431,-111.9464,O 123.0,405035,1115647,North Salt Lake South Plant,DAVIS
440,447.65,442.65,Bountiful,K7DAV,Wasatch Front,Y,123,,N,,N,N,N,N,,N,,N,40.8431,-111.9464,O 123.0,405035,1115647,North Salt Lake South Plant,DAVIS
144,146.98,146.38,Tooele,W7EO,West,N,,,N,,N,N,N,Y,,Y,145.39,N,40.8469,-112.7997,O A L145.39,405049,1124759,Delle Peak (Black Mtn.),WD/I80W
144,147.24,147.84,Coalville,K7HEN,Northeast,Y,136.5,,N,,N,N,N,Y,,Y,147.16,Y,40.8478,-111.4778,O X A 136.5 L147.14/16,405052,1112840,Stagecoach,Lewis Peak
144,145.35,144.75,Delle,K7HK,West,N,,,N,,N,N,N,N,,N,,N,40.8481,-112.7997,O,405053,1124759,Delle BLM site,WD
440,448.65,443.65,Coalville,WA7GIE,Wasatch Front,N,,,N,,N,N,N,N,,N,,Y,40.855,-111.4797,C X,405118,1112847,Lewis Peak,HW
440,448.9,443.9,Coalville,WB7TSQ,Wasatch Front,N,,,N,,N,Y,N,N,,N,,Y,40.855,-111.4797,O X Rb,405118,1112847,Lewis Peak,HW
440,449.55,444.55,Coalville,WA7GIE,Wasatch Front,Y,100,,N,,N,N,N,N,,N,,Y,40.855,-111.4797,O X IRLP 100.0,405118,1112847,Lewis Peak,HW/WSLC
144,147.36,147.96,Coalville,WA7GIE,Wasatch Front,Y,100,,N,,N,N,N,N,,N,,Y,40.8556,-111.4806,O X 100.0  ,405120,1112850,Lewis Peak,WSLC/HW
440,449.925,444.925,Bountiful,K7DAV,Wasatch Front,Y,100,,N,,N,Y,N,N,,N,,Y,40.8644,-111.8544,OXE 100.0 Rb147.42,405152,1115116,Bountiful Golf Course,DAVIS
440,449.35,444.35,Bountiful,KC7RAF,Wasatch Front,Y,123,,N,,N,N,N,N,,N,,N,40.8711,-111.8964,O 123.0,405216,1115347,KC7RAF QTH,DAVIS
440,447.2,442.2,Antelope Is.,K7DAV,Wasatch Front,Y,127.3,,N,,N,N,N,N,,N,,Y,40.9619,-112.2153,O X E 127.3,405743,1121255,Antelope Is.,DAVIS
144,145.1375,144.5375,Kaysville  ,K7DAV,Wasatch Front,N,,,N,,N,N,N,N,,N,,N,40.9997,-111.945,O D-Star,405959,1115642,Davis Sewer Plant,WF
440,447.975,442.975,Kaysville,K7DAV,Wasatch Front,N,,,N,,N,N,N,N,,N,,N,40.9997,-111.945,O D-Star,405959,1115642,Davis Sewer Plant,WF
440,449.7,444.7,Kaysville,K7DOU,Wasatch Front,Y,100,,N,,N,N,N,N,,N,,N,40.9997,-111.9444,O (EOC) 100.0,405959,1115640,Kaysville Sewer Treat Plant,NWF
1240,1287.025,1275.025,Kaysville,K7DAV,Wasatch Front,N,,,N,,N,N,N,N,,N,,N,40.9997,-111.945,O D-Star ,405959,1115642,Davis Sewer Plant,WF
1240,1298.25,1298.25,Kaysville,K7DAV,Wasatch Front,N,,,N,,N,N,N,N,,N,,N,40.9997,-111.945,0 D-Star,405959,1115642,Davis Sewer Plant,WF
144,147.04,147.64,Antelope Is.,K7DAV,Wasatch Front,Y,123,,N,,N,N,N,Y,,N,,Y,41.0147,-112.2083,O X E Z Ca 123.0,410053,1121230,Antelope Is.,DAVIS/NWF
52,53.01,52.01,Farmington,K7DAV,Wasatch Front,Y,141.3,,N,,N,N,N,N,,N,,N,41.0253,-111.8375,O,410131,1115015,Sheppard Peak,WEBER/DAVIS
144,146.96,146.36,Layton,K7MLA,Wasatch Front,Y,100,,N,,N,N,N,N,,N,,N,41.0256,-111.8369,O,410132,1115013,Francis Pk.,NWF/OGDEN/DAVIS/FRANCIS
440,449.875,444.875,Layton,W7MVK,Wasatch Front,Y,167.9,,N,,N,N,N,N,,N,,Y,41.0256,-111.8375,O X 167.9,410132,1115015,Shepherd Peak,HW
440,449.6,444.6,Ogden,AI7J,Wasatch Front,Y,136.5,,N,,N,N,N,N,,N,,Y,41.0494,-111.8397,O X 136.5 (Solar),410258,1115023,Kaysville Peak,NWF
440,447.05,442.05,Clinton,AH2S,Wasatch Front,Y,114.8,,N,,N,Y,N,Y,,N,,N,41.0553,-111.9767,O A Rb 114.8,410319,1115836,AH2S QTH,NWF/DAVIS/OGDEN
144,145.1625,144.5625,Morgan,KM7ARC,Wasatch Front,N,,,N,,N,N,N,N,,Y,,N,41.0569,-111.6803,O D-Star,410325,1114049,Morgan Search & Rescue Bldg,
440,447.9625,442.9625,Morgan,KM7ARC,Wasatch Front,N,,,N,,N,N,N,N,,Y,,N,41.0569,-111.6803,O D-Star,410325,1114049,Morgan Search & Rescue Bldg,
1240,1297.75,1297.75,Morgan,KM7ARC,Wasatch Front,N,,,N,,N,N,N,N,,Y,,N,41.0569,-111.6803,O D-Star,410325,1114049,Morgan Search & Rescue Bldg,
440,449.25,444.25,Layton,AI7J,Wasatch Front,Y,100,,N,,N,N,Y,N,,N,,N,41.0597,-111.9344,O 136.5  SNP,410335,1115604,AI7J QTH,Layton
220,224.96,223.36,Syracuse,NJ7J,Wasatch Front,N,,,N,,N,N,N,N,,N,,N,41.0875,-112.0417,O,410515,1120230,Syracuse,NWF/OGDEN/DAVIS
144,147.1,147.7,Morgan,KB7ZCL,Wasatch Front,Y,123,,N,,N,N,N,N,,N,,N,41.0981,-111.6461,O,410553,1113846,Morgan TV site,MORGAN
440,447.075,442.075,West Point,W7WPC,Wasatch Front,Y,123,,N,,N,N,N,N,,N,,N,41.1117,-112.055,O 123.0 E401462,410642,1120318,KE7OJJ,West Point
440,449.95,444.95,Clearfield,NJ7J,Wasatch Front,Y,123,,N,,N,N,N,N,,N,,N,41.1133,-112.0231,O CA IRLP 3876,410648,1120123,Clearfield Civic Center,OGDEN
440,447.325,442.325,Clearfield,W7UTA,Wasatch Front,Y,118.8,,N,,N,N,N,N,,N,,N,41.1242,-112.0328,O 118.8,410727,1120158,288 W 750 N Clearfield - Home, 
440,447.15,442.15,Clearfield,KR7K,Wasatch Front,Y,114.8,,N,,N,N,N,N,,N,,N,41.1247,-112.0456,O  114.8,410729,1120244,Clearfield,DAVIS/OGDEN
144,145.25,144.65,Ogden,KE7FO,Wasatch Front,N,,,N,,N,N,N,Y,,N,,N,41.1911,-111.9447,O A,411128,1115641,WSU Campus Tech Ed Bldg,Ogden
144,147.38,147.98,Ogden,WB7TSQ,Wasatch Front,N,,,N,,N,N,N,N,,N,,Y,41.1933,-112.0094,O X,411136,1120034,West Ogden, WF
220,224.5,222.9,Ogden,WB6CDN,Wasatch Front,Y,167.9,,N,,N,N,N,Y,*/#,N,,N,41.1972,-111.9697,O A(*#)E 167.9 IREAN,411150,1115811,Ogden Downtown,OGDEN
144,146.9,146.3,Ogden,W7SU,Wasatch Front,Y,123,,N,,N,N,N,Y,,N,,N,41.1997,-111.8819,OA 123.0 ,411159,1115255,Mt Ogden,OGDEN
440,448.6,443.6,Ogden    ,W7SU,Wasatch Front,Y,123,,N,,N,N,N,N,,N,,N,41.1997,-111.8819,O L146.82,411159,1115255,Mt Ogden,OGDEN
440,448.775,443.775,West Haven,N7TOP,Wasatch Front,Y,123,,N,,N,N,N,N,,Y,449.775,N,41.2042,-112.0511,O 123.0 L(449.775),411215,1120304,Promentory,NWF
440,449.075,444.075,Ogden,W7RSS,Wasatch Front,Y,123,,N,,N,N,N,N,,N,,N,41.2275,-111.9428,O PL 123.0 Echolink,411339,1115634,"2150 Polk Ave, Ogden, Ut",OGDEN
144,146.68,146.08,Huntsville,N7JSQ,Wasatch Front,Y,123,,N,,N,N,N,Y,,Y,145.49,Y,41.2389,-111.5836,OAX 123.0 L145.49,411420,1113501,Herd Mtn.,MORGAN
144,145.41,144.81,Ogden,WB7TSQ,Wasatch Front,Y,123,,N,,N,N,Y,N,,N,,N,41.2414,-111.9386,O 123.0,411429,1115619,Ogden Foothills,
440,448.275,443.275,Ogden,WB7TSQ,Wasatch Front,Y,107.2,,N,,N,N,N,N,,N,,Y,41.2414,-111.9386,O X,411429,1115619,Ogden QTH, 
144,145.1125,144.5125,Ogden,KE7EGG,Wasatch Front,N,,,N,,N,N,N,N,,N,,N,41.245,-111.9939,O,411442,1115938,Ogden Sheriff Office,OGDEN
440,447.95,442.95,Ogden,KE7EGG,Wasatch Front,N,,,N,,N,N,N,N,,N,,N,41.245,-111.9939,O D-Star,411442,1115938,Ogden Sheriff Office,OGDEN
1240,1284.4,1272.4,Ogden,KE7EGG,Wasatch Front,N,,,N,,N,N,N,N,,N,,N,41.245,-111.9939,O D-Star,411442,1115938,Ogden Sheriff Office,WF
1240,1298.75,1298.75,Ogden,KE7EGG,Wasatch Front,N,,,N,,N,N,N,N,,N,,N,41.245,-111.9939,O D-Star,411442,1115938,Ogden Sheriff Office,WF
440,449.775,444.775,West Haven,N7TOP,Wasatch Front,N,,,N,,N,Y,N,N,,Y,447.775,N,41.2517,-111.9819,O Rb (Solar),411506,1115855,N7TOP QTH,NWF
144,146.82,146.22,Ogden,W7SU,Wasatch Front,Y,123,,N,,N,N,N,N,,N,,N,41.2547,-112.2372,O 123.0,411517,1121414,Little Mtn,NWF/OGDEN/DAVIS/FRANCIS
440,448.575,443.575,Ogden,W7SU,Wasatch Front,Y,100,,N,,N,N,N,N,,N,,N,41.2547,-112.2372,O A,411517,1121414,Little Mtn,OGDEN
144,145.49,144.89,Ogden,K7HEN,Wasatch Front,Y,123,,N,,N,N,N,Y,,Y,146.68,Y,41.2578,-112.4408,O A 123.0 L146.68,411528,1122627,Promontory Point,NWF/OGDEN/DAVIS
144,147.26,147.86,Ogden,AC7O,Wasatch Front,Y,103.5,,N,,N,N,N,Y,,Y,449.625,Y,41.2578,-112.4408,OXZCa 103.5 L146.72,411528,1122627,Promontory,NWF/SLC/DAVIS
144,145.21,144.61,Huntsville,W7DBA,Wasatch Front,N,,,N,,N,N,N,N,,N,,N,41.2592,-111.7628,O,411533,1114546,W7DBA QTH,MORGAN
440,448.025,443.025,Huntsville,W7DBA,Wasatch Front,Y,123,,N,,N,N,N,N,,N,,N,41.2592,-111.7631,O IRLP 3211,411533,1114547,Huntsville,
440,447.6,442.6,Eden,KJ7YE,Wasatch Front,N,,,N,,N,N,N,N,,N,,N,41.2983,-111.8075,O,411754,1114827,"5791E 2200N Eden, UT",
144,146.86,146.26,Evanston ,K7JL,Northeast,Y,100,,N,,N,N,N,N,,Y,147.18,Y,41.3475,-110.9014,O X 100.0 L147.18,412051,1105405,Medicine Butte,SWY
440,449.15,444.15,Evanston ,K7JL,Northeast,Y,100,,N,,N,N,N,N,,Y,147.18,Y,41.3475,-110.9014,O X 100.0 L449.500,412051,1105405,Medicine Butte,SWY
144,145.47,144.87,Powder Mtn.,K7SUM,Wasatch Front,Y,123,,N,,N,N,N,N,,N,,Y,41.3697,-111.7647,O 123.0,412211,1114553,Powder Mtn.,POWDER
440,447.775,442.775,Powder Mtn,N7TOP,Northeast,Y,123,,N,,N,N,N,N,,Y,449.775,Y,41.3697,-111.7647,O X 123.0 L?,412211,1114553,Powder Mtn,POWDER
220,224,222.4,Powder Mtn,N7TOP,Wasatch Front,Y,167.9,,N,,N,Y,N,N,,Y,IREAN,Y,41.3706,-111.7656,O L 167.9 Rb IREAN,412214,1114556,Powder Mtn,POWDER
144,146.92,146.32,Ogden,N7TOP,Wasatch Front,Y,123,,N,,N,N,N,N,,Y,449.775,N,41.3794,-112.4583,O 123.0 L(449.775),412246,1122730,Promontory,NWF 
440,448.8,443,Evanston,K6JR,North East,Y,131.8,,N,,N,N,N,N,,N,,N,41.3989,-111.0381,C 131.8,412356,1110217,Bear River,"Evanston, Wyo"
144,145.29,144.69,Brigham City,K7UB,Wasatch Front,Y,123,,N,,N,N,N,N,,Y,448.3,N,41.5019,-112.1039,OEL145.29/448.3 123,413007,1120614,Brigham,NWF
440,449.65,444.65,Logan,AC7II,Wasatch Front,Y,100,,N,,N,N,N,N,,N,,Y,41.5511,-111.9369,O X 100.0,413304,1115613,Mt Pisgah,CACHE
440,449.8,444.8,Mantua,WA7KMF,North,Y,103.5,,N,,N,N,N,N,,N,,N,41.5511,-111.9369,O 103.5,413304,1115613,Mt Pisgah,LOGAN
144,145.41,144.81,Logan,AC7O,North,Y,103.5,,N,,N,N,N,N,,N,,N,41.575,-111.8383,O,413430,1115018,Logan,CACHE
440,447.95,442.95,Paradise,KF7VJO,North,N,,,N,,N,N,N,N,,N,,N,41.575,-111.8383,O IRCDDB,413430,1115018,AC7II QTH,LOGAN
440,449.575,444.575,Wellsville,NU7TS,North,N, ,,N,,N,N,N,N,,N,,N,41.6114,-111.9525,O D-Star,413641,1115709,Wellsville,LOGAN
902,927.5125,902.5125,Wellsville,AF7FH,North,Y,100,,N,,N,N,N,N,,N,,N,41.6114,-111.9525,O ,413641,1115709,Wellsville,LOGAN
144,145.43,144.83,ATK Plant 3,K7UB,North,Y,123,,N,,N,N,N,Y,,Y,448.3,N,41.6308,-112.3758,OAEL145.29/448.300 123,413751,1122233,Thiokol Blue,NWF/DAVIS
144,145.31,144.71,Red Spur,WA7KMF,North,Y,103.5,,N,,N,N,N,Y,,Y,449.625,Y,41.6369,-111.4156,OXZCa 103.5 L(BARC),413813,1112456,Red Spur,LOGAN
440,448.925,443.925,Mendon,N7PKI,North,Y,100,,N,,N,N,N,N,,N,,N,41.6983,-111.9706,O,414154,1115814,N7PKI QTH, 
440,449.3,444.3,Logan,W7BOZ,North,Y,103.5,,N,,N,N,N,N,,N,,N,41.7111,-111.8589,O 103.5 IRLP 7576,414240,1115132,Logan QTH,LOGAN
144,146.72,146.12,Logan,AC7O,North,Y,103.5,,N,,N,N,N,Y,,Y,449.625,Y,41.7136,-111.7169,O 103.5 Ca X Z L147.26 ,414249,1114301,Mt Logan,CACHE
440,449.625,444.625,Logan,AC7O,North,Y,103.5,,N,,N,N,N,Y,,Y,146.72,Y,41.7136,-111.7169,OXZCa 103.5 L(BARC),414249,1114301,Mt. Logan,CACHE
144,147.2,147.8,Logan,AC7O,North,Y,103.5,,N,,N,N,N,N,,Y,146.72,N,41.7222,-111.8494,O X 103.5 L147.26 ,414320,1115058,WA7KMF QTH,CACHE
440,447.975,442.975,Logan,AC7O,North,N,,,N,,N,N,N,N,,N,,Y,41.7222,-111.8494,O D-Star,414320,1115058,WA7KMF QTH,LOGAN
1240,1299.75,1299.75,Logan,AC7O,North,N,,,N,,N,N,N,N,,N,,Y,41.7222,-111.8494,O D-Star,414320,1115058,Logan,LOGAN
144,146.64,146.04,Logan,WA7MXZ,North,N,,,N,,N,N,N,Y,*/#,N,,N,41.7372,-111.8656,O A(*/#),414414,1115156,Cache Co. Sheriff's Office,LOGAN
144,147.86,144.71,Logan,AC7O,North,Y,71,,N,,N,N,N,N,,N,,N,41.7397,-111.8342,O Portable Repeater,414423,1115003,Portable Repeater,LOGAN
440,447,442,Logan,NU7TS,North,N,,,N,,N,N,N,N,,N,,N,41.7428,-111.8053,O IRLP,414434,1114819,Logan,LOGAN
144,147.32,147.92,Logan,KA7FAP,North,Y,88.5,,N,,N,N,N,N,,N,,N,41.7675,-111.7972,O,414603,1114750,KA7FAP QTH,LOGAN
144,147.24,147.84,Logan,N7RRZ,North,Y,79.7,,N,,N,N,N,N,,Y,449.325,N,41.7686,-111.8044,O 79.7 L449.325,414607,1114816,Logan,LOGAN
440,449.325,444.325,Logan,N7RRZ,North,Y,156.7,,N,,N,N,N,N,*007/#,N,,N,41.7686,-111.8044,O 156.7 A(*007/#),414607,1114816,Logan,LOGAN
144,145.175,144.575,Tremonton,N7RDS,Wasatch Front,N,,,N,,N,N,N,N,,N,,N,41.7794,-112.1789,O D-Star,414646,1121044,Riverside, 
144,147.22,147.82,West of Riverside,K7UB,North,Y,123,,N,,N,N,N,N,,N,,Y,41.7794,-112.1772,O L448.300/145.29/43,414646,1121038,Riverside West,North
144,147.39,147.99,Tremonton,WA7KMF,Wasatch Front,N,,,N,,N,N,N,N,,N,,N,41.7794,-112.1789, ,414646,1121044,Riverside, 
440,447.125,442.125,Riverside,NU7TS,Wasatch Front,N,,,N,,N,N,N,N,,N,,N,41.7794,-112.1786,MotoTrbo,414646,1121043,Riverside,WF
440,447.925,442.925,Tremonton,N7RDS,Wasatch Front,N,,,N,,N,N,N,N,,N,,N,41.7794,-112.1789,O D-Star ircDDB Gateway,414646,1121044,Riverside, 
440,449.575,444.575,Riverside,WA7KMF,North,N,,,N,,N,Y,N,N,,Y,449.8,N,41.7794,-112.1772,O Rb(6M) L449.80,414646,1121038,Riverside,NWF
440,447.325,442.325,Kemmerer,N7ERH,North,Y,100,,N,,N,N,N,N,,N,,Y,41.8383,-110.5047,O 100.0,415018,1103017,Quealy Peak,"Kemmerer, Wyo"
440,448.2,443.2,Bear Lake,K7OGM,North,Y,100,,N,,N,N,N,N,,N,,Y,41.8822,-111.2703,O X,415256,1111613,Laketown Site,RICH
144,147.02,147.62,Bear Lake,K7OGM,North,Y,100,,N,,N,N,N,N,,Y,147.18,Y,41.8825,-111.2692,O X 100.0 L147.18,415257,1111609,Bear Lake,RICH
440,448.975,443.975,Bear Lake,K7OGM,North,N,,,N,,N,N,N,N,,Y,Cactus,N,41.8825,-111.2692,C L(Cactus),415257,1111609,Laketown Site,RICH
440,449.7,444.7,Bear Lake,K7OGM,North,Y,100,,N,,N,N,N,N,,N, ,N,41.8825,-111.2692,O IRLP 3188,415257,1111609,Bear Lake,RICH
440,448.3,443.3,ATK Plant 3,K7UB,North,Y,123,,N,,N,N,N,Y,,Y,145.43,N,41.9044,-113.3889,OL 145.29/145.43/147.220,415416,1132320,Thiokol Blue Springs Hill,NWF
440,449.25,444.25,Logan,AC7II,North,Y,103.5,,,,,,,,,,,,41.9617,-111.8378,O 103.5 SNP,415742,1115016,Logan,NUT
440,448.95,443.95,Malad ID,KD5IDE,North,Y,77,,N,,N,N,N,N,,N,,N,42.085,-112.3217,O,420506,1121918,"4000 W Samaria Rd, Malad",Malad
440,448.45,443.45,Bear Lake,K7OGM,North,Y,123,,N,,N,N,N,N,,N, ,N,42.1136,-111.3889,O IRLP 3188,420649,1112320,Bear Lake,RICH
440,448.75,443.75,Preston ID,KE7EYY,North,Y,88.5,,N,,N,N,N,N,,N,,N,42.1219,-111.7856,O,420719,1114708,Hill top 5 mi NW Preston,LOGAN
144,147.38,147.98,Montpelier,AC7TJ,North,Y,100,,N,,N,N,N,N,,N,,N,42.1492,-111.2525,O,420857,1111509,Bear Lake,Bear Lake
144,147.45,147.45,Malad,WA7FDR,North,N,,,N,,N,N,N,N,,Y,146.85,Y,42.185,-112.455,O L146.85/147.120,421106,1122718,Malad Pass,NWF
144,147.12,147.72,Montpelier,AG7BL,North,Y,123,,N,,N,N,N,N,,N,,N,42.32,-111.2903,O 100.0,421912,1111725,Montpelier M hill,
440,449.2,444.2,Burley ID,WA7UHW,North,N,,,N,,N,N,N,N,,N,,Y,42.3256,-113.6575,O X,421932,1133927,MT. Harrison,ID
144,147,146.4,Burley ,KC7SNN,North,Y,100,,N,,N,N,N,N,,N,,Y,42.3258,-113.6564,O X,421933,1133923,Burley,ID
144,145.33,144.73,MT Harrison,K7ACA,North,Y,123,,N,,N,N,N,N,,N,,N,42.3264,-113.6553,O,421935,1133919,MT Harrison,SWI
144,145.27,144.67,Burley,WA7FDR,Idaho Linked,Y,100,,N,,N,N,N,N,,N,,N,42.3283,-113.6567,O 100.0,421942,1133924,Mt Harrison,IDAHO
144,146.8,146.2,Lava Hot Sp ,AE7TA,North,Y,88.5,,N,,N,N,N,Y,80*/#,Y,BARC,Y,42.5158,-111.9236,OXA(80*/#)L(BARC),423057,1115525,Sedgwick Peak,ID 
440,449.375,444.375,Lava Hot Spr ,AE7TA,North,Y,88.5,,N,,N,N,N,N,80*/#,Y,BARC,Y,42.5158,-111.9236,O X A (80*/#) L (BARC),423057,1115525,Sedgwick Peak,ID/CACHE
